INSERT INTO airports (airport_code, airport_name)
VALUES
  ('HKG', 'Hong Kong International Airport'),
  ('TPE', 'Taiwan Taoyuan International Airport');

INSERT INTO facilities (airport_code, facility_name, facility_type)
VALUES
  ('HKG', 'Food Court 1', 'restaurant'),
  ('HKG', 'Food Court 2', 'restaurant'),
  ('HKG', 'Food Court 3', 'restaurant'),
  ('HKG', 'Food Court 4', 'restaurant'),
  ('HKG', 'Restroom 2', 'toilet'),
  ('HKG', 'Restroom 1', 'toilet'),
  ('HKG', 'Gate 1', 'gate'),
  ('HKG', 'Gate 2', 'gate'),
  ('HKG', 'Gate 3', 'gate'),
  ('HKG', 'Gate 4', 'gate'),
  ('HKG', 'Praying Room', 'other'),
  ('HKG', 'Evergreen Lounge', 'lounge'),
  ('TPE', 'Food Court 1', 'restaurant'),
  ('TPE', 'Food Court 2', 'restaurant'),
  ('TPE', 'Food Court 3', 'restaurant'),
  ('TPE', 'Food Court 4', 'restaurant'),
  ('TPE', 'Restroom 2', 'toilet'),
  ('TPE', 'Restroom 1', 'toilet'),
  ('TPE', 'Gate 1', 'gate'),
  ('TPE', 'Gate 2', 'gate'),
  ('TPE', 'Gate 3', 'gate'),
  ('TPE', 'Gate 4', 'gate'),
  ('TPE', 'Praying Room', 'other'),
  ('TPE', 'Evergreen Lounge', 'lounge');

INSERT INTO gates (airport_code, gate_number, facility_id)
VALUES
  ('HKG', 'A7', 7),
  ('HKG', 'A13', 8),
  ('HKG', 'B11', 9),
  ('HKG', 'C19', 10),
  ('TPE', 'B3', 13),
  ('TPE', 'D8', 14),
  ('TPE', 'E11', 15),
  ('TPE', 'F15', 16);

INSERT INTO opening_hours (facility_id, day_of_week, open_time, close_time) VALUES
(1, 'Monday', '08:00', '20:00'),
(1, 'Tuesday', '08:00', '20:00'),
(1, 'Wednesday', '08:00', '20:00'),
(1, 'Thursday', '08:00', '20:00'),
(1, 'Friday', '08:00', '20:00'),
(1, 'Saturday', '09:00', '18:00'),
(1, 'Sunday', '10:00', '16:00'),

(2, 'Monday', '07:00', '19:00'),
(2, 'Tuesday', '07:00', '19:00'),
(2, 'Wednesday', '07:00', '19:00'),
(2, 'Thursday', '07:00', '19:00'),
(2, 'Friday', '07:00', '19:00'),
(2, 'Saturday', '08:00', '17:00'),
(2, 'Sunday', '09:00', '15:00'),

(3, 'Monday', '24:00', '24:00'),
(3, 'Tuesday', '24:00', '24:00'),
(3, 'Wednesday', '24:00', '24:00'),
(3, 'Thursday', '24:00', '24:00'),
(3, 'Friday', '24:00', '24:00'),
(3, 'Saturday', '24:00', '24:00'),
(3, 'Sunday', '24:00', '24:00'),

(4, 'Monday', '06:00', '22:00'),
(4, 'Tuesday', '06:00', '22:00'),
(4, 'Wednesday', '06:00', '22:00'),
(4, 'Thursday', '06:00', '22:00'),
(4, 'Friday', '06:00', '22:00'),
(4, 'Saturday', '08:00', '20:00'),
(4, 'Sunday', '08:00', '20:00'),

(5, 'Monday', '07:00', '21:00'),
(5, 'Tuesday', '07:00', '21:00'),
(5, 'Wednesday', '07:00', '21:00'),
(5, 'Thursday', '07:00', '21:00'),
(5, 'Friday', '07:00', '21:00'),
(5, 'Saturday', '09:00', '19:00'),
(5, 'Sunday', '10:00', '18:00'),

(6, 'Monday', '00:00', '23:59'),
(6, 'Tuesday', '00:00', '23:59'),
(6, 'Wednesday', '00:00', '23:59'),
(6, 'Thursday', '00:00', '23:59'),
(6, 'Friday', '00:00', '23:59'),
(6, 'Saturday', '00:00', '23:59'),
(6, 'Sunday', '00:00', '23:59'),

(11, 'Monday', '24:00', '24:00'),
(11, 'Tuesday', '24:00', '24:00'),
(11, 'Wednesday', '24:00', '24:00'),
(11, 'Thursday', '24:00', '24:00'),
(11, 'Friday', '24:00', '24:00'),
(11, 'Saturday', '24:00', '24:00'),
(11, 'Sunday', '24:00', '24:00'),

(12, 'Monday', '06:00', '22:00'),
(12, 'Tuesday', '06:00', '22:00'),
(12, 'Wednesday', '06:00', '22:00'),
(12, 'Thursday', '06:00', '22:00'),
(12, 'Friday', '06:00', '22:00'),
(12, 'Saturday', '08:00', '20:00'),
(12, 'Sunday', '08:00', '20:00'),

(17, 'Monday', '08:00', '20:00'),
(17, 'Tuesday', '08:00', '20:00'),
(17, 'Wednesday', '08:00', '20:00'),
(17, 'Thursday', '08:00', '20:00'),
(17, 'Friday', '08:00', '20:00'),
(17, 'Saturday', '09:00', '18:00'),
(17, 'Sunday', '10:00', '16:00'),

(18, 'Monday', '07:00', '19:00'),
(18, 'Tuesday', '07:00', '19:00'),
(18, 'Wednesday', '07:00', '19:00'),
(18, 'Thursday', '07:00', '19:00'),
(18, 'Friday', '07:00', '19:00'),
(18, 'Saturday', '08:00', '17:00'),
(18, 'Sunday', '09:00', '15:00'),

(19, 'Monday', '24:00', '24:00'),
(19, 'Tuesday', '24:00', '24:00'),
(19, 'Wednesday', '24:00', '24:00'),
(19, 'Thursday', '24:00', '24:00'),
(19, 'Friday', '24:00', '24:00'),
(19, 'Saturday', '24:00', '24:00'),
(19, 'Sunday', '24:00', '24:00'),

(20, 'Monday', '06:00', '22:00'),
(20, 'Tuesday', '06:00', '22:00'),
(20, 'Wednesday', '06:00', '22:00'),
(20, 'Thursday', '06:00', '22:00'),
(20, 'Friday', '06:00', '22:00'),
(20, 'Saturday', '08:00', '20:00'),
(20, 'Sunday', '08:00', '20:00'),

(21, 'Monday', '07:00', '21:00'),
(21, 'Tuesday', '07:00', '21:00'),
(21, 'Wednesday', '07:00', '21:00'),
(21, 'Thursday', '07:00', '21:00'),
(21, 'Friday', '07:00', '21:00'),
(21, 'Saturday', '09:00', '19:00'),
(21, 'Sunday', '10:00', '18:00'),

(22, 'Monday', '00:00', '23:59'),
(22, 'Tuesday', '00:00', '23:59'),
(22, 'Wednesday', '00:00', '23:59'),
(22, 'Thursday', '00:00', '23:59'),
(22, 'Friday', '00:00', '23:59'),
(22, 'Saturday', '00:00', '23:59'),
(22, 'Sunday', '00:00', '23:59'),

(23, 'Monday', '08:00', '20:00'),
(23, 'Tuesday', '08:00', '20:00'),
(23, 'Wednesday', '08:00', '20:00'),
(23, 'Thursday', '08:00', '20:00'),
(23, 'Friday', '08:00', '20:00'),
(23, 'Saturday', '09:00', '18:00'),
(23, 'Sunday', '10:00', '16:00'),

(24, 'Monday', '00:00', '23:59'),
(24, 'Tuesday', '00:00', '23:59'),
(24, 'Wednesday', '00:00', '23:59'),
(24, 'Thursday', '00:00', '23:59'),
(24, 'Friday', '00:00', '23:59'),
(24, 'Saturday', '00:00', '23:59'),
(24, 'Sunday', '00:00', '23:59');

INSERT INTO holidays (holiday_date, facility_id, open_time, close_time)
VALUES
('2023-01-01', 1, '08:00', '20:00'),
('2023-01-01', 2, '08:00', '18:00'),
('2023-01-01', 3, '08:00', '20:00'),
('2023-01-01', 4, '08:00', '20:00'),
('2023-01-01', 5, '08:00', '20:00'),
('2023-01-01', 6, '08:00', '20:00'),

('2023-02-05', 1, '08:00', '20:00'),
('2023-02-05', 2, '08:00', '18:00'),
('2023-02-05', 3, '08:00', '20:00'),
('2023-02-05', 4, '08:00', '20:00'),
('2023-02-05', 5, '08:00', '20:00'),
('2023-02-05', 6, '08:00', '20:00'),

('2023-03-17', 11, '08:00', '20:00'),
('2023-03-17', 12, '08:00', '20:00'),

('2023-04-21', 17, '08:00', '20:00'),
('2023-04-21', 18, '08:00', '18:00'),
('2023-04-21', 19, '08:00', '20:00'),
('2023-04-21', 20, '08:00', '20:00'),
('2023-04-21', 21, '08:00', '20:00'),
('2023-04-21', 22, '08:00', '20:00'),
('2023-04-21', 23, '08:00', '20:00'),
('2023-04-21', 24, '08:00', '20:00');
